month,day,pv_cum_pct,ev_cum_pct,ac_cum_pct,forecast_cum_pct
0,0,0.0,0.0,0.0,0.0
1,30,0.32,0.31,0.33,0.31
2,60,0.79,0.77,0.81,0.77
3,90,1.58,1.52,1.62,1.52
4,120,2.69,2.54,2.71,2.54
5,150,3.99,3.85,4.11,3.85
6,180,6.28,6.07,6.45,6.07
7,210,9.73,9.52,10.11,9.52
8,240,14.13,13.68,14.5,13.68
9,270,19.72,18.82,19.95,18.82
10,300,26.06,24.97,26.47,24.97
11,330,32.86,,,31.4
12,360,39.83,,,38.13
13,390,46.45,,,44.75
14,420,52.75,,,50.99
15,450,58.67,,,56.85
16,480,64.1,,,62.46
17,510,68.87,,,67.56
18,540,73.65,,,72.46
19,570,77.81,,,76.62
20,600,81.21,,,80.14
21,630,84.45,,,83.67
22,660,87.15,,,86.4
23,690,89.5,,,88.6
24,720,91.45,,,90.63
25,750,93.26,,,92.44
26,780,95.0,,,94.23
27,810,96.19,,,95.75
28,840,97.03,,,96.71
29,870,97.89,,,97.63
30,900,98.62,,,98.3
31,930,99.06,,,98.78
32,960,99.36,,,99.09
33,990,99.64,,,99.32
34,1020,99.91,,,99.6
35,1050,100.0,,,99.87
36,1080,100.0,,,100.0
