predecessor,successor,rel_type,lag_days
MS-0001,PM-0001,FS,0
MS-0001,ENG-0001,FS,0
MS-0001,ENG-0002,SS,15
MS-0001,ENG-0003,FS,0
ENG-0001,ENG-0004,FS,0
ENG-0002,ENG-0004,SS,45
ENG-0004,ENG-0005,SS,90
ENG-0002,ENG-0006,FS,0
ENG-0006,ENG-0007,SS,150
ENG-0002,ENG-0008,SS,30
ENG-0008,ENG-0009,SS,150
ENG-0003,CON-0001,SS,60
CON-0001,CON-0002,SS,30
ENG-0001,CON-0002,FS,0
ENG-0008,PRC-0901,SS,60
PRC-0901,PRC-0902,FS,0
PRC-0902,PRC-0903,FS,0
CON-0002,CON-0901,SS,45
ENG-0005,CON-0901,FS,0
CON-0901,CON-0902,FS,0
PRC-0903,CON-0902,FS,0
CON-0902,COM-0901,FS,0
ENG-0006,PRC-0911,SS,90
PRC-0911,CON-0911,FS,0
CON-0002,CON-0911,FS,0
CON-0911,COM-0911,FS,0
ENG-0006,PRC-0921,SS,60
PRC-0921,CON-0921,SS,180
CON-0002,CON-0921,FS,0
CON-0921,COM-0921,FS,0
ENG-0005,CON-0931,FS,0
ENG-0006,PRC-0931,SS,60
CON-0931,CON-0932,FS,-60
PRC-0931,CON-0932,FS,0
CON-0932,COM-0931,FS,0
ENG-0005,CON-0941,FS,0
ENG-0008,PRC-0941,SS,90
CON-0941,CON-0942,FS,0
PRC-0941,CON-0942,FS,0
CON-0942,COM-0941,FS,0
CON-0002,CON-0951,FS,60
CON-0952,COM-0951,FS,0
ENG-0002,PRC-1001,FS,0
ENG-0002,PRC-1002,FS,15
ENG-0002,PRC-1003,FS,30
PRC-1003,PRC-1031,FS,0
PRC-1031,PRC-1032,FS,0
PRC-1003,PRC-1033,FS,30
ENG-0005,CON-1031,FS,0
CON-1031,CON-1032,FS,0
PRC-1032,CON-1032,FS,0
CON-1032,CON-1033,SS,60
PRC-1033,CON-1034,FS,0
CON-1031,CON-1034,FS,0
ENG-0007,CON-1041,FS,0
ENG-0009,CON-1042,FS,0
CON-1042,CON-1043,SS,60
PRC-1001,PRC-1111,FS,0
PRC-1111,PRC-1112,FS,0
PRC-1001,PRC-1113,FS,30
PRC-1002,PRC-1121,FS,0
PRC-1121,PRC-1122,FS,0
ENG-0005,CON-1111,FS,0
CON-0002,CON-1111,FS,0
CON-1111,CON-1112,FS,0
PRC-1112,CON-1112,FS,0
CON-1112,CON-1113,FS,0
PRC-1113,CON-1114,FS,0
CON-1111,CON-1114,FS,0
ENG-0005,CON-1121,FS,0
CON-0002,CON-1121,FS,0
CON-1121,CON-1122,FS,0
PRC-1122,CON-1122,SS,0
PRC-1121,CON-1122,FS,30
CON-1122,CON-1123,SS,90
CON-1122,CON-1124,FS,0
COM-0921,CON-1124,FS,0
CON-1113,COM-1111,FS,0
CON-1124,COM-1111,FS,0
CON-1043,COM-1111,FS,0
COM-0941,COM-1111,FS,0
COM-1111,COM-1112,FS,0
COM-0901,COM-1111,FS,0
COM-0911,COM-1112,FS,0
CON-1114,COM-1112,FS,0
COM-1112,COM-1113,FS,0
COM-1113,COM-1114,FS,0
CON-1123,COM-1114,FS,0
CON-1041,COM-1114,FS,0
PRC-1001,PRC-1211,FS,45
PRC-1211,PRC-1212,FS,0
PRC-1001,PRC-1213,FS,75
PRC-1002,PRC-1221,FS,45
PRC-1221,PRC-1222,FS,0
ENG-0005,CON-1211,FS,45
CON-0002,CON-1211,FS,0
CON-1211,CON-1212,FS,0
PRC-1212,CON-1212,FS,0
CON-1212,CON-1213,FS,0
PRC-1213,CON-1214,FS,0
CON-1211,CON-1214,FS,0
ENG-0005,CON-1221,FS,45
CON-0002,CON-1221,FS,0
CON-1221,CON-1222,FS,0
PRC-1222,CON-1222,SS,0
PRC-1221,CON-1222,FS,30
CON-1222,CON-1223,SS,90
CON-1222,CON-1224,FS,0
COM-0921,CON-1224,FS,0
CON-1213,COM-1211,FS,0
CON-1224,COM-1211,FS,0
CON-1043,COM-1211,FS,0
COM-0941,COM-1211,FS,0
COM-1211,COM-1212,FS,0
COM-0901,COM-1211,FS,0
COM-0911,COM-1212,FS,0
CON-1214,COM-1212,FS,0
COM-1212,COM-1213,FS,0
COM-1213,COM-1214,FS,0
CON-1223,COM-1214,FS,0
CON-1041,COM-1214,FS,0
COM-1114,COM-1031,FS,0
COM-1214,COM-1031,FS,0
CON-1033,COM-1031,FS,0
CON-1034,COM-1031,FS,0
COM-0931,COM-1031,FS,0
COM-1031,COM-1032,FS,0
COM-1032,COM-1033,FS,0
COM-1033,MS-1100,FS,0
CON-1042,COM-1031,FS,0
ENG-0002,PRC-2001,FS,90
ENG-0002,PRC-2002,FS,105
ENG-0002,PRC-2003,FS,120
PRC-2003,PRC-2031,FS,0
PRC-2031,PRC-2032,FS,0
PRC-2003,PRC-2033,FS,30
ENG-0005,CON-2031,FS,90
CON-2031,CON-2032,FS,0
PRC-2032,CON-2032,FS,0
CON-2032,CON-2033,SS,60
PRC-2033,CON-2034,FS,0
CON-2031,CON-2034,FS,0
ENG-0007,CON-2041,FS,90
ENG-0009,CON-2042,FS,90
CON-2042,CON-2043,SS,60
PRC-2001,PRC-2111,FS,0
PRC-2111,PRC-2112,FS,0
PRC-2001,PRC-2113,FS,30
PRC-2002,PRC-2121,FS,0
PRC-2121,PRC-2122,FS,0
ENG-0005,CON-2111,FS,90
CON-0002,CON-2111,FS,0
CON-2111,CON-2112,FS,0
PRC-2112,CON-2112,FS,0
CON-2112,CON-2113,FS,0
PRC-2113,CON-2114,FS,0
CON-2111,CON-2114,FS,0
ENG-0005,CON-2121,FS,90
CON-0002,CON-2121,FS,0
CON-2121,CON-2122,FS,0
PRC-2122,CON-2122,SS,0
PRC-2121,CON-2122,FS,30
CON-2122,CON-2123,SS,90
CON-2122,CON-2124,FS,0
COM-0921,CON-2124,FS,0
CON-2113,COM-2111,FS,0
CON-2124,COM-2111,FS,0
CON-2043,COM-2111,FS,0
COM-0941,COM-2111,FS,0
COM-2111,COM-2112,FS,0
COM-0901,COM-2111,FS,0
COM-0911,COM-2112,FS,0
CON-2114,COM-2112,FS,0
COM-2112,COM-2113,FS,0
COM-2113,COM-2114,FS,0
CON-2123,COM-2114,FS,0
CON-2041,COM-2114,FS,0
PRC-2001,PRC-2211,FS,45
PRC-2211,PRC-2212,FS,0
PRC-2001,PRC-2213,FS,75
PRC-2002,PRC-2221,FS,45
PRC-2221,PRC-2222,FS,0
ENG-0005,CON-2211,FS,135
CON-0002,CON-2211,FS,0
CON-2211,CON-2212,FS,0
PRC-2212,CON-2212,FS,0
CON-2212,CON-2213,FS,0
PRC-2213,CON-2214,FS,0
CON-2211,CON-2214,FS,0
ENG-0005,CON-2221,FS,135
CON-0002,CON-2221,FS,0
CON-2221,CON-2222,FS,0
PRC-2222,CON-2222,SS,0
PRC-2221,CON-2222,FS,30
CON-2222,CON-2223,SS,90
CON-2222,CON-2224,FS,0
COM-0921,CON-2224,FS,0
CON-2213,COM-2211,FS,0
CON-2224,COM-2211,FS,0
CON-2043,COM-2211,FS,0
COM-0941,COM-2211,FS,0
COM-2211,COM-2212,FS,0
COM-0901,COM-2211,FS,0
COM-0911,COM-2212,FS,0
CON-2214,COM-2212,FS,0
COM-2212,COM-2213,FS,0
COM-2213,COM-2214,FS,0
CON-2223,COM-2214,FS,0
CON-2041,COM-2214,FS,0
COM-2114,COM-2031,FS,0
COM-2214,COM-2031,FS,0
CON-2033,COM-2031,FS,0
CON-2034,COM-2031,FS,0
COM-0931,COM-2031,FS,0
COM-2031,COM-2032,FS,0
COM-2032,COM-2033,FS,0
COM-2033,MS-2100,FS,0
CON-2042,COM-2031,FS,0
MS-1100,MS-9999,FS,0
MS-2100,MS-9999,FS,0
CON-0951,MS-9999,FS,0
COM-0951,MS-9999,FS,0
CON-0002,CON-0952,FS,120
